Rank,Company Name,Number of Employees,"Previous 
Rank","Revenues
($millions)","Revenue 
Change","Profits
($millions)","Profit 
Change","Assets
($millions)","Market Value 
As of 3/31/17 ($m)",,,,,,,,
1,Walmart,"2,300,000",1,"US$485,873",0.8%,"US$13,643.0 ",-7.2%,"US$198,825","US$218,619",,,,,,,,
2,Berkshire Hathaway,"367,700",4,"US$223,604",6.1%,"US$24,074.0 ",0.0%,"US$620,854","US$411,035",,,,,,,,
3,Apple,"116,000",3,"US$215,639",-7.7%,"US$45,687.0 ",-14.4%,"US$321,686","US$753,718",,,,,,,,
4,Exxon Mobil,"72,700",2,"US$205,004",-16.7%,"US$7,840.0 ",-51.5%,"US$330,314","US$340,056",,,,,,,,
5,McKesson,"68,000",5,"US$192,487",6.2%,"US$2,258.0 ",53.0%,"US$56,563","US$31,439",,,,,,,,
6,UnitedHealth Group,"230,000",6,"US$184,840",17.7%,"US$7,017.0 ",20.7%,"US$122,810","US$157,793",,,,,,,,
7,CVS Health,"204,000",7,"US$177,526",15.8%,"US$5,317.0 ",1.5%,"US$94,462","US$81,310",,,,,,,,
8,General Motors,"225,000",8,"US$166,380",9.2%,"US$9,427.0 ",-2.7%,"US$221,690","US$52,968",,,,,,,,
9,AT&T,"268,540",10,"US$163,786",11.6%,"US$12,976.0 ",-2.8%,"US$403,821","US$255,679",,,,,,,,
10,Ford Motor,"201,000",9,"US$151,800",1.5%,"US$4,596.0 ",-37.7%,"US$237,951","US$46,349",,,,,,,,
11,AmerisourceBergen,"18,500",12,"US$146,850",8.0%,"US$1,427.9 ",-,"US$33,656","US$19,229",,,,,,,,
12,Amazon.com,"341,400",18,"US$135,987",27.1%,"US$2,371.0 ",297.8%,"US$83,402","US$423,031",,,,,,,,
13,General Electric,"295,000",11,"US$126,661",-9.8%,"US$8,831.0 ",-,"US$365,183","US$259,520",,,,,,,,
14,Verizon,"160,900",13,"US$125,980",-4.3%,"US$13,127.0 ",-26.6%,"US$244,180","US$198,900",,,,,,,,
15,Cardinal Health,"37,300",21,"US$121,546",18.5%,"US$1,427.0 ",17.4%,"US$34,122","US$25,725",,,,,,,,
16,Costco,"172,000",15,"US$118,719",2.2%,"US$2,350.0 ",-1.1%,"US$33,163","US$73,606",,,,,,,,
17,Walgreens Boots Alliance,"300,000",19,"US$117,351",13.4%,"US$4,173.0 ",-1.1%,"US$72,688","US$89,645",,,,,,,,
18,Kroger,"443,000",17,"US$115,337",5.0%,"US$1,975.0 ",-3.1%,"US$36,505","US$26,961",,,,,,,,
19,Chevron,"55,200",14,"US$107,567",-18.0%,-US$497.0 ,-110.8%,"US$260,078","US$203,263",,,,,,,,
20,Fannie Mae,"7,000",16,"US$107,162",-2.9%,"US$12,313.0 ",12.4%,"US$3,287,968","US$3,011",,,,,,,,
21,J.P. Morgan Chase,"243,355",23,"US$105,486",4.4%,"US$24,733.0 ",1.2%,"US$2,490,972","US$313,761",,,,,,,,
22,Express Scripts Holding,"25,600",22,"US$100,288",-1.4%,"US$3,404.4 ",37.5%,"US$51,745","US$39,567",,,,,,,,
23,Home Depot,"406,000",28,"US$94,595",6.9%,"US$7,957.0 ",13.5%,"US$42,966","US$176,368",,,,,,,,
24,Boeing,"150,540",24,"US$94,571",-1.6%,"US$4,895.0 ",-5.4%,"US$89,997","US$107,546",,,,,,,,
25,Wells Fargo,"269,100",27,"US$94,176",4.6%,"US$21,938.0 ",-4.2%,"US$1,930,115","US$278,516",,,,,,,,
26,Bank of America Corp.,"208,024",26,"US$93,662",0.7%,"US$17,906.0 ",12.7%,"US$2,187,702","US$236,182",,,,,,,,
27,Alphabet,"72,053",36,"US$90,272",20.4%,"US$19,478.0 ",19.1%,"US$167,497","US$579,426",,,,,,,,
28,Microsoft,"114,000",25,"US$85,320",-8.8%,"US$16,798.0 ",37.8%,"US$193,694","US$508,935",,,,,,,,
29,Anthem,"53,000",33,"US$84,863",7.2%,"US$2,469.8 ",-3.5%,"US$65,083","US$43,813",,,,,,,,
30,Citigroup,"219,000",29,"US$82,386",-6.7%,"US$14,912.0 ",-13.5%,"US$1,792,077","US$165,394",,,,,,,,
31,Comcast,"159,000",37,"US$80,403",7.9%,"US$8,695.0 ",6.5%,"US$180,500","US$178,258",,,,,,,,
32,IBM,"414,400",31,"US$79,919",-3.1%,"US$11,872.0 ",-10.0%,"US$117,470","US$164,251",,,,,,,,
33,State Farm Insurance Cos.,"68,234",35,"US$76,132",0.6%,US$350.3 ,-94.4%,"US$256,030",-,,,,,,,,
34,Phillips 66,"14,800",30,"US$72,396",-16.9%,"US$1,555.0 ",-63.2%,"US$51,653","US$40,954",,,,,,,,
35,Johnson & Johnson,"126,400",39,"US$71,890",2.6%,"US$16,540.0 ",7.3%,"US$141,208","US$337,642",,,,,,,,
36,Procter & Gamble,"105,000",34,"US$71,726",-8.9%,"US$10,508.0 ",49.3%,"US$127,136","US$229,700",,,,,,,,
37,Valero Energy,"9,996",32,"US$70,166",-14.2%,"US$2,289.0 ",-42.6%,"US$46,173","US$29,746",,,,,,,,
38,Target,"323,000",38,"US$69,495",-5.8%,"US$2,737.0 ",-18.6%,"US$37,431","US$30,502",,,,,,,,
39,Freddie Mac,"5,982",43,"US$65,665",3.4%,"US$7,815.0 ",22.6%,"US$2,023,376","US$1,612",,,,,,,,
40,Lowe’s,"240,000",47,"US$65,017",10.1%,"US$3,093.0 ",21.5%,"US$34,408","US$70,481",,,,,,,,
41,Dell Technologies,"138,000",,"US$64,806",18.1%,"-US$1,672.0 ",-,"US$118,206",-,,,,,,,,
42,MetLife,"58,000",40,"US$63,476",-9.3%,US$800.0 ,-84.9%,"US$898,764","US$57,429",,,,,,,,
43,Aetna,"49,500",46,"US$63,155",4.7%,"US$2,271.0 ",-5.0%,"US$69,146","US$44,859",,,,,,,,
44,PepsiCo,"264,000",44,"US$62,799",-0.4%,"US$6,329.0 ",16.1%,"US$74,129","US$159,763",,,,,,,,
45,Archer Daniels Midland,"31,800",41,"US$62,346",-7.9%,"US$1,279.0 ",-30.8%,"US$39,769","US$26,274",,,,,,,,
46,UPS,"335,520",48,"US$60,906",4.4%,"US$3,431.0 ",-29.2%,"US$40,377","US$93,276",,,,,,,,
47,Intel,"106,000",51,"US$59,387",7.3%,"US$10,316.0 ",-9.7%,"US$113,327","US$170,539",,,,,,,,
48,Prudential Financial,"49,739",50,"US$58,779",2.9%,"US$4,368.0 ",-22.6%,"US$783,962","US$45,912",,,,,,,,
49,Albertsons Cos.,"274,000",,"US$58,734",115.9%,-US$502.2 ,-,"US$23,770",-,,,,,,,,
50,United Technologies,"201,600",45,"US$57,244",-6.2%,"US$5,055.0 ",-33.6%,"US$89,706","US$89,957",,,,,,,,
51,Marathon Petroleum,"44,460",42,"US$55,858",-13.5%,"US$1,174.0 ",-58.8%,"US$44,413","US$26,679",,,,,,,,
52,Disney,"195,000",53,"US$55,632",6.0%,"US$9,391.0 ",12.0%,"US$92,033","US$179,298",,,,,,,,
53,Humana,"51,600",52,"US$54,379",0.2%,US$614.0 ,-51.9%,"US$25,396","US$29,743",,,,,,,,
54,Pfizer,"96,500",55,"US$52,824",8.1%,"US$7,215.0 ",3.7%,"US$171,615","US$203,725",,,,,,,,
55,AIG,"56,400",49,"US$52,367",-10.2%,-US$849.0 ,-138.7%,"US$498,264","US$61,154",,,,,,,,
56,Lockheed Martin,"97,000",60,"US$50,658",9.8%,"US$5,302.0 ",47.1%,"US$47,806","US$77,557",,,,,,,,
57,Sysco,"51,900",57,"US$50,367",3.5%,US$949.6 ,38.3%,"US$16,722","US$28,048",,,,,,,,
58,FedEx,"335,767",58,"US$50,365",6.1%,"US$1,820.0 ",73.3%,"US$46,064","US$52,178",,,,,,,,
59,Hewlett Packard Enterprise,"195,000",,"US$50,123",-,"US$3,161.0 ",-,"US$79,679","US$39,288",,,,,,,,
60,Cisco Systems,"73,700",54,"US$49,247",0.2%,"US$10,739.0 ",19.6%,"US$121,652","US$169,266",,,,,,,,
61,HP,"49,000",20,"US$48,238",-53.3%,"US$2,496.0 ",-45.2%,"US$29,010","US$30,231",,,,,,,,
62,Dow Chemical,"56,000",56,"US$48,158",-1.3%,"US$4,318.0 ",-43.8%,"US$79,511","US$77,460",,,,,,,,
63,HCA Holdings,"210,500",63,"US$44,747",2.7%,"US$2,890.0 ",35.7%,"US$33,758","US$32,966",,,,,,,,
64,Coca-Cola,"100,300",62,"US$41,863",-5.5%,"US$6,527.0 ",-11.2%,"US$87,270","US$182,153",,,,,,,,
65,New York Life Insurance,"11,320",61,"US$40,787",-11.1%,"US$1,088.1 ",324.1%,"US$287,196",-,,,,,,,,
66,Centene,"30,500",124,"US$40,721",78.6%,US$562.0 ,58.3%,"US$20,197","US$12,271",,,,,,,,
67,American Airlines Group,"122,300",67,"US$40,180",-2.0%,"US$2,676.0 ",-64.8%,"US$51,274","US$21,326",,,,,,,,
68,Nationwide,"34,320",69,"US$40,074",-0.4%,US$334.3 ,-42.4%,"US$197,790",-,,,,,,,,
69,Merck,"68,000",72,"US$39,807",0.8%,"US$3,920.0 ",-11.8%,"US$95,377","US$174,454",,,,,,,,
70,Cigna,"41,000",79,"US$39,668",4.7%,"US$1,867.0 ",-10.8%,"US$59,360","US$37,604",,,,,,,,
71,Delta Air Lines,"83,756",68,"US$39,639",-2.6%,"US$4,373.0 ",-3.4%,"US$51,261","US$33,586",,,,,,,,
72,Best Buy,"125,000",71,"US$39,403",-0.9%,"US$1,228.0 ",36.9%,"US$13,856","US$15,193",,,,,,,,
73,Honeywell International,"131,000",75,"US$39,302",1.9%,"US$4,809.0 ",0.9%,"US$54,146","US$94,991",,,,,,,,
74,Caterpillar,"95,400",59,"US$38,537",-18.0%,-US$67.0 ,-103.2%,"US$74,704","US$54,402",,,,,,,,
75,Liberty Mutual Insurance Group,"50,000",73,"US$38,308",-2.9%,"US$1,006.0 ",95.7%,"US$125,592",-,,,,,,,,
76,Morgan Stanley,"55,311",78,"US$37,949",0.1%,"US$5,979.0 ",-2.4%,"US$814,949","US$79,947",,,,,,,,
77,Massachusetts Mutual Life Insurance,"11,737",76,"US$37,788",-1.2%,"US$1,273.5 ",-10.6%,"US$271,040",-,,,,,,,,
78,Goldman Sachs Group,"34,400",74,"US$37,712",-3.8%,"US$7,398.0 ",21.6%,"US$860,165","US$91,380",,,,,,,,
79,Energy Transfer Equity,"30,992",65,"US$37,504",-11.0%,US$995.0 ,-16.3%,"US$79,011","US$21,292",,,,,,,,
80,TIAA,"12,997",82,"US$37,105",5.5%,"US$1,492.3 ",22.9%,"US$523,194",-,,,,,,,,
81,Oracle,"136,000",77,"US$37,047",-3.1%,"US$8,901.0 ",-10.4%,"US$112,180","US$183,556",,,,,,,,
82,Tyson Foods,"114,000",66,"US$36,881",-10.9%,"US$1,768.0 ",44.9%,"US$22,373","US$22,028",,,,,,,,
83,United Continental Holdings,"88,000",80,"US$36,556",-3.5%,"US$2,263.0 ",-69.2%,"US$40,140","US$22,225",,,,,,,,
84,Allstate,"43,275",81,"US$36,534",2.5%,"US$1,877.0 ",-13.5%,"US$108,610","US$29,754",,,,,,,,
85,Publix Super Markets,"191,000",87,"US$34,274",5.1%,"US$2,025.7 ",3.1%,"US$17,464",-,,,,,,,,
86,American Express,"56,400",85,"US$33,823",-1.8%,"US$5,408.0 ",4.7%,"US$158,893","US$71,193",,,,,,,,
87,TJX,"235,000",89,"US$33,184",7.2%,"US$2,298.2 ",0.9%,"US$12,884","US$51,053",,,,,,,,
88,Nike,"70,700",91,"US$32,376",5.8%,"US$3,760.0 ",14.9%,"US$21,396","US$92,204",,,,,,,,
89,Exelon,"34,396",95,"US$31,360",6.5%,"US$1,134.0 ",-50.0%,"US$114,904","US$33,309",,,,,,,,
90,General Dynamics,"98,800",88,"US$31,353",-0.4%,"US$2,955.0 ",-0.3%,"US$32,872","US$56,791",,,,,,,,
91,Rite Aid,"70,580",107,"US$30,737",15.9%,US$165.5 ,-92.2%,"US$11,277","US$4,473",,,,,,,,
92,Gilead Sciences,"9,000",86,"US$30,390",-6.9%,"US$13,501.0 ",-25.4%,"US$56,977","US$88,788",,,,,,,,
93,CHS,"12,157",84,"US$30,347",-12.2%,US$424.2 ,-45.7%,"US$17,318",-,,,,,,,,
94,3M,"91,584",93,"US$30,109",-0.5%,"US$5,050.0 ",4.5%,"US$32,906","US$114,338",,,,,,,,
95,Time Warner,"25,000",99,"US$29,318",4.3%,"US$3,926.0 ",2.4%,"US$65,966","US$75,660",,,,,,,,
96,Charter Communications,"91,500",292,"US$29,003",197.3%,"US$3,522.0 ",-,"US$149,067","US$100,595",,,,,,,,
97,Northwestern Mutual,"5,646",100,"US$28,799",2.4%,US$818.0 ,0.4%,"US$250,441",-,,,,,,,,
98,Facebook,"17,048",157,"US$27,638",54.2%,"US$10,217.0 ",177.0%,"US$64,961","US$410,522",,,,,,,,
99,Travelers Cos.,"30,900",105,"US$27,625",3.1%,"US$3,014.0 ",-12.4%,"US$100,245","US$33,689",,,,,,,,
100,Capital One Financial,"47,300",112,"US$27,519",9.6%,"US$3,751.0 ",-7.4%,"US$357,033","US$41,831",,,,,,,,
101,Twenty-First Century Fox,"21,500",96,"US$27,326",-5.7%,"US$2,755.0 ",-66.8%,"US$48,365","US$59,949",,,,,,,,
102,USAA,"29,943",114,"US$27,131",11.4%,"US$1,779.1 ",-21.7%,"US$147,290",-,,,,,,,,
103,World Fuel Services,"5,000",92,"US$27,016",-11.1%,US$126.5 ,-27.5%,"US$5,413","US$2,535",,,,,,,,
104,Philip Morris International,"79,500",106,"US$26,685",-0.4%,"US$6,967.0 ",1.4%,"US$36,851","US$175,349",,,,,,,,
105,Deere,"56,767",97,"US$26,644",-7.7%,"US$1,523.9 ",-21.4%,"US$57,981","US$34,648",,,,,,,,
106,Kraft Heinz,"41,000",153,"US$26,487",44.4%,"US$3,632.0 ",472.9%,"US$120,480","US$110,528",,,,,,,,
107,Tech Data,"9,500",108,"US$26,235",-0.5%,US$195.1 ,-26.6%,"US$7,932","US$3,569",,,,,,,,
108,Avnet,"17,700",102,"US$26,219",-6.1%,US$506.5 ,-11.4%,"US$11,240","US$5,898",,,,,,,,
109,Mondelez International,"90,000",102,"US$25,923",-12.5%,"US$1,659.0 ",-77.2%,"US$61,538","US$65,676",,,,,,,,
110,Macy’s,"148,300",103,"US$25,778",-4.8%,US$619.0 ,-42.3%,"US$19,851","US$9,046",,,,,,,,
111,AbbVie,"30,000",123,"US$25,638",12.2%,"US$5,953.0 ",15.7%,"US$66,099","US$103,838",,,,,,,,
112,McDonald’s,"375,000",109,"US$24,622",-3.1%,"US$4,686.5 ",3.5%,"US$31,024","US$106,150",,,,,,,,
113,DuPont,"46,000",101,"US$24,594",-12.0%,"US$2,513.0 ",28.7%,"US$39,964","US$69,451",,,,,,,,
114,Northrop Grumman,"67,000",118,"US$24,508",4.2%,"US$2,200.0 ",10.6%,"US$25,614","US$41,577",,,,,,,,
115,ConocoPhillips,"13,300",90,"US$24,360",-21.3%,"-US$3,615.0 ",-,"US$89,772","US$61,692",,,,,,,,
116,Raytheon,"63,000",120,"US$24,069",3.5%,"US$2,211.0 ",6.6%,"US$30,052","US$44,664",,,,,,,,
117,Tesoro,"6,308",98,"US$24,005",-14.7%,US$734.0 ,-52.3%,"US$20,398","US$9,515",,,,,,,,
118,Arrow Electronics,"18,700",119,"US$23,825",2.3%,US$522.8 ,5.0%,"US$14,206","US$6,546",,,,,,,,
119,Qualcomm,"30,500",110,"US$23,554",-6.8%,"US$5,705.0 ",8.2%,"US$52,359","US$84,694",,,,,,,,
120,Progressive,"31,721",137,"US$23,441",12.4%,"US$1,031.0 ",-18.7%,"US$33,428","US$22,760",,,,,,,,
121,Duke Energy,"28,798",115,"US$23,369",-1.0%,"US$2,152.0 ",-23.6%,"US$132,761","US$57,397",,,,,,,,
122,Enterprise Products Partners,"6,800",104,"US$23,022",-14.8%,"US$2,513.1 ",-0.3%,"US$52,194","US$58,522",,,,,,,,
123,Amgen,"19,200",130,"US$22,991",6.1%,"US$7,722.0 ",11.3%,"US$77,626","US$120,830",,,,,,,,
124,US Foods Holding,"25,000",122,"US$22,919",-0.9%,US$209.8 ,25.2%,"US$8,945","US$6,207",,,,,,,,
125,U.S. Bancorp,"71,191",131,"US$22,744",5.8%,"US$5,888.0 ",0.2%,"US$445,964","US$87,201",,,,,,,,
126,Aflac,"10,212",135,"US$22,559",8.1%,"US$2,659.0 ",5.0%,"US$129,819","US$29,053",,,,,,,,
127,Sears Holdings,"140,000",111,"US$22,138",-12.0%,"-US$2,221.0 ",-,"US$9,362","US$1,231",,,,,,,,
128,Dollar General,"121,000",139,"US$21,987",7.9%,"US$1,251.1 ",7.4%,"US$11,672","US$19,182",,,,,,,,
129,AutoNation,"26,000",136,"US$21,609",3.6%,US$430.5 ,-2.7%,"US$10,060","US$4,268",,,,,,,,
130,Community Health Systems,"108,000",125,"US$21,374",-5.8%,"-US$1,721.0 ",-,"US$21,944","US$1,010",,,,,,,,
131,Starbucks,"254,000",146,"US$21,316",11.2%,"US$2,817.7 ",2.2%,"US$14,330","US$85,092",,,,,,,,
132,Eli Lilly,"41,975",141,"US$21,222",6.3%,"US$2,737.6 ",13.7%,"US$38,806","US$92,803",,,,,,,,
133,International Paper,"55,000",127,"US$21,079",-5.8%,US$904.0 ,-3.6%,"US$33,345","US$20,884",,,,,,,,
134,Tenet Healthcare,"116,475",140,"US$21,070",4.8%,-US$192.0 ,-,"US$24,701","US$1,777",,,,,,,,
135,Abbott Laboratories,"75,000",138,"US$20,853",0.9%,"US$1,400.0 ",-68.3%,"US$52,666","US$76,740",,,,,,,,
136,Dollar Tree,"116,050",180,"US$20,719",33.7%,US$896.2 ,217.4%,"US$15,702","US$18,540",,,,,,,,
137,Whirlpool,"93,000",134,"US$20,718",-0.8%,US$888.0 ,13.4%,"US$19,153","US$12,762",,,,,,,,
138,Southwest Airlines,"53,536",142,"US$20,425",3.1%,"US$2,244.0 ",2.9%,"US$23,286","US$33,076",,,,,,,,
139,Emerson Electric,"103,500",128,"US$20,268",-9.1%,"US$1,635.0 ",-39.7%,"US$21,743","US$38,614",,,,,,,,
140,Staples,"61,503",132,"US$20,217",-4.0%,"-US$1,497.0 ",-494.8%,"US$8,271","US$5,723",,,,,,,,
141,Plains GP Holdings,"5,100",121,"US$20,182",-12.8%,US$94.0 ,-20.3%,"US$26,103","US$9,127",,,,,,,,
142,Penske Automotive Group,"24,000",143,"US$20,143",4.0%,US$342.9 ,5.2%,"US$8,861","US$4,001",,,,,,,,
143,Union Pacific,"42,919",129,"US$19,941",-8.6%,"US$4,233.0 ",-11.3%,"US$55,718","US$85,911",,,,,,,,
144,Danaher,"62,000",133,"US$19,912",-4.8%,"US$2,553.7 ",-23.9%,"US$45,295","US$59,359",,,,,,,,
145,Southern,"32,015",162,"US$19,896",13.8%,"US$2,448.0 ",3.4%,"US$109,697","US$49,335",,,,,,,,
146,ManpowerGroup,"28,000",144,"US$19,654",1.7%,US$443.7 ,5.8%,"US$7,574","US$6,938",,,,,,,,
147,Bristol-Myers Squibb,"25,000",168,"US$19,427",17.3%,"US$4,457.0 ",184.8%,"US$33,707","US$89,591",,,,,,,,
148,Altria Group,"8,300",149,"US$19,337",2.6%,"US$14,239.0 ",171.7%,"US$45,932","US$138,513",,,,,,,,
149,Fluor,"61,551",155,"US$19,037",5.1%,US$281.4 ,-31.8%,"US$9,216","US$7,353",,,,,,,,
150,Kohl’s,"85,000",145,"US$18,686",-2.7%,US$556.0 ,-17.4%,"US$13,574","US$6,862",,,,,,,,
151,Lear,"148,400",154,"US$18,558",1.9%,US$975.1 ,30.8%,"US$9,901","US$9,726",,,,,,,,
152,Jabil Circuit,"138,000",158,"US$18,353",2.5%,US$254.1 ,-10.5%,"US$10,323","US$5,270",,,,,,,,
153,Hartford Financial Services Group,"16,900",152,"US$18,300",-0.4%,US$896.0 ,-46.7%,"US$223,432","US$17,795",,,,,,,,
154,Thermo Fisher Scientific,"54,800",164,"US$18,274",7.7%,"US$2,021.8 ",2.3%,"US$45,908","US$59,964",,,,,,,,
155,Kimberly-Clark,"42,000",151,"US$18,202",-2.1%,"US$2,166.0 ",113.8%,"US$14,602","US$46,828",,,,,,,,
156,Molina Healthcare,"21,000",201,"US$17,782",25.4%,US$52.0 ,-63.6%,"US$7,449","US$2,601",,,,,,,,
157,PG&E Corp.,"24,000",166,"US$17,666",4.9%,"US$1,393.0 ",59.4%,"US$68,598","US$33,696",,,,,,,,
158,Supervalu,"38,000",160,"US$17,529",-1.6%,US$178.0 ,-7.3%,"US$4,370","US$1,033",,,,,,,,
159,Cummins,"55,400",148,"US$17,509",-8.4%,"US$1,394.0 ",-0.4%,"US$15,011","US$25,397",,,,,,,,
160,CenturyLink,"40,000",159,"US$17,470",-2.4%,US$626.0 ,-28.7%,"US$47,017","US$12,883",,,,,,,,
161,AECOM,"87,000",156,"US$17,411",-3.2%,US$96.1 ,-,"US$13,727","US$5,528",,,,,,,,
162,Xerox,"133,600",150,"US$17,126",-8.2%,-US$477.0 ,-200.6%,"US$18,145","US$7,462",,,,,,,,
163,Marriott International,"226,500",195,"US$17,072",17.9%,US$780.0 ,-9.2%,"US$24,140","US$36,124",,,,,,,,
164,Paccar,"23,000",147,"US$17,033",-10.9%,US$521.7 ,-67.5%,"US$20,639","US$23,604",,,,,,,,
165,General Mills,"39,000",161,"US$16,563",-6.1%,"US$1,697.4 ",39.0%,"US$21,712","US$33,998",,,,,,,,
166,PNC Financial Services Group,"50,683",171,"US$16,423",0.9%,"US$3,903.0 ",-4.9%,"US$366,380","US$58,455",,,,,,,,
167,American Electric Power,"17,634",165,"US$16,380",-3.1%,US$610.9 ,-70.2%,"US$63,468","US$33,009",,,,,,,,
168,Icahn Enterprises,"90,980",184,"US$16,348",7.0%,"-US$1,128.0 ",-,"US$33,335","US$7,989",,,,,,,,
169,Nucor,"23,900",170,"US$16,208",-1.4%,US$796.3 ,122.6%,"US$15,224","US$19,051",,,,,,,,
170,NextEra Energy,"14,700",163,"US$16,155",-7.6%,"US$2,912.0 ",5.8%,"US$89,993","US$60,099",,,,,,,,
171,Performance Food Group,"13,000",185,"US$16,105",5.5%,US$68.3 ,20.9%,"US$3,455","US$2,464",,,,,,,,
172,PBF Energy,"3,165",217,"US$15,920",21.3%,US$170.8 ,16.7%,"US$7,622","US$2,431",,,,,,,,
173,Halliburton,"50,000",117,"US$15,887",-32.8%,"-US$5,763.0 ",-,"US$27,000","US$42,662",,,,,,,,
174,CarMax,"22,429",191,"US$15,833",6.4%,US$623.4 ,4.4%,"US$14,482","US$11,081",,,,,,,,
175,Freeport-McMoRan,"30,000",175,"US$15,789",-0.6%,"-US$4,154.0 ",-,"US$37,317","US$19,310",,,,,,,,
176,Whole Foods Market,"73,515",181,"US$15,724",2.2%,US$507.0 ,-5.4%,"US$6,341","US$9,468",,,,,,,,
177,Bank of New York Mellon Corp.,"52,000",179,"US$15,683",1.0%,"US$3,547.0 ",12.3%,"US$333,469","US$48,913",,,,,,,,
178,Gap,"135,000",177,"US$15,516",-1.8%,US$676.0 ,-26.5%,"US$7,610","US$9,712",,,,,,,,
179,Omnicom Group,"78,500",186,"US$15,417",1.9%,"US$1,148.6 ",5.0%,"US$23,165","US$20,219",,,,,,,,
180,Genuine Parts,"40,000",183,"US$15,340",0.4%,US$687.2 ,-2.6%,"US$8,859","US$13,712",,,,,,,,
181,DaVita HealthCare Partners,"70,300",200,"US$15,197",6.9%,US$879.9 ,226.2%,"US$18,741","US$13,227",,,,,,,,
182,Colgate-Palmolive,"36,700",174,"US$15,195",-5.2%,"US$2,441.0 ",76.4%,"US$12,123","US$64,715",,,,,,,,
183,PPG Industries,"47,000",182,"US$15,178",-1.0%,US$877.0 ,-37.6%,"US$15,769","US$26,970",,,,,,,,
184,Goodyear Tire & Rubber,"66,000",169,"US$15,158",-7.8%,"US$1,264.0 ",311.7%,"US$16,511","US$9,070",,,,,,,,
185,Synchrony Financial,"15,000",,"US$15,122",11.0%,"US$2,251.0 ",1.7%,"US$90,207","US$27,810",,,,,,,,
186,DISH Network,"16,000",187,"US$15,095",0.2%,"US$1,449.9 ",94.1%,"US$28,092","US$29,547",,,,,,,,
187,Visa,"14,200",204,"US$15,082",8.7%,"US$5,991.0 ",-5.3%,"US$64,035","US$206,242",,,,,,,,
188,Nordstrom,"72,500",197,"US$14,757",2.2%,US$354.0 ,-41.0%,"US$7,858","US$7,770",,,,,,,,
189,INTL FCStone,"1,464",83,"US$14,755",-57.5%,US$54.7 ,-1.8%,"US$5,951",US$708,,,,,,,,
190,WestRock,"39,000",251,"US$14,706",29.2%,-US$396.3 ,-178.2%,"US$23,038","US$13,029",,,,,,,,
191,XPO Logistics,"87,000",353,"US$14,619",91.8%,US$69.0 ,-,"US$11,698","US$5,338",,,,,,,,
192,Aramark,"217,250",199,"US$14,416",0.6%,US$287.8 ,22.0%,"US$10,582","US$9,081",,,,,,,,
193,CBS,"18,410",203,"US$14,386",3.6%,"US$1,261.0 ",-10.8%,"US$24,238","US$28,405",,,,,,,,
194,AES,"19,000",190,"US$14,287",-4.5%,"-US$1,130.0 ",-469.3%,"US$36,119","US$7,371",,,,,,,,
195,WellCare Health Plans,"7,400",202,"US$14,237",2.5%,US$242.1 ,104.1%,"US$6,153","US$6,212",,,,,,,,
196,FirstEnergy,"15,707",188,"US$14,156",-3.1%,"-US$6,177.0 ",-,"US$43,148","US$14,118",,,,,,,,
197,ConAgra Foods,"20,900",176,"US$14,134",-10.8%,-US$677.0 ,-,"US$13,391","US$17,557",,,,,,,,
198,Synnex,"110,000",212,"US$14,062",5.4%,US$234.9 ,12.7%,"US$5,223","US$4,469",,,,,,,,
199,CDW,"8,516",220,"US$13,982",7.6%,US$424.4 ,5.3%,"US$6,948","US$9,197",,,,,,,,
200,Textron,"36,000",209,"US$13,788",2.7%,US$962.0 ,38.0%,"US$15,358","US$12,851",,,,,,,,
201,Waste Management,"41,200",221,"US$13,609",5.0%,"US$1,182.0 ",57.0%,"US$20,859","US$32,216",,,,,,,,
202,Illinois Tool Works,"50,000",211,"US$13,599",1.4%,"US$2,035.0 ",7.2%,"US$15,201","US$45,791",,,,,,,,
203,Office Depot,"38,000",196,"US$13,585",-6.2%,US$529.0 ,-,"US$5,540","US$2,402",,,,,,,,
204,Monsanto,"22,450",189,"US$13,502",-10.0%,"US$1,336.0 ",-42.3%,"US$19,736","US$49,644",,,,,,,,
205,Cognizant Technology Solutions,"260,200",230,"US$13,487",8.6%,"US$1,553.0 ",-4.3%,"US$14,262","US$36,226",,,,,,,,
206,Texas Instruments,"29,865",219,"US$13,370",2.8%,"US$3,595.0 ",20.4%,"US$16,431","US$80,531",,,,,,,,
207,Lincoln National,"9,057",205,"US$13,330",-1.8%,"US$1,192.0 ",3.3%,"US$261,627","US$14,760",,,,,,,,
208,Newell Brands,"53,400",434,"US$13,264",122.1%,US$527.8 ,50.8%,"US$33,838","US$22,787",,,,,,,,
209,Land O’Lakes,"10,000",215,"US$13,233",0.6%,US$244.9 ,-20.4%,"US$8,305",-,,,,,,,,
210,Marsh & McLennan,"60,000",222,"US$13,211",2.5%,"US$1,768.0 ",10.6%,"US$18,190","US$38,078",,,,,,,,
211,Ecolab,"47,565",206,"US$13,153",-2.9%,"US$1,229.6 ",22.7%,"US$18,330","US$36,356",,,,,,,,
212,C.H. Robinson Worldwide,"14,125",208,"US$13,144",-2.5%,US$513.4 ,0.7%,"US$3,688","US$10,958",,,,,,,,
213,Loews,"15,800",210,"US$13,105",-2.3%,US$654.0 ,151.5%,"US$76,594","US$15,747",,,,,,,,
214,CBRE Group,"75,000",259,"US$13,072",20.4%,US$572.0 ,4.5%,"US$10,780","US$11,753",,,,,,,,
215,Kinder Morgan,"11,121",198,"US$13,058",-9.3%,US$708.0 ,179.8%,"US$80,305","US$48,533",,,,,,,,
216,Kellogg,"37,369",207,"US$13,014",-3.8%,US$694.0 ,13.0%,"US$15,111","US$25,417",,,,,,,,
217,Western Digital,"72,878",194,"US$12,994",-10.8%,US$242.0 ,-83.5%,"US$32,862","US$23,775",,,,,,,,
218,Guardian Life Ins. Co. of America,"8,876",226,"US$12,919",2.3%,US$263.9 ,-35.7%,"US$70,339",-,,,,,,,,
219,Ross Stores,"78,600",237,"US$12,867",7.8%,"US$1,117.7 ",9.5%,"US$5,309","US$25,814",,,,,,,,
220,L Brands,"59,100",234,"US$12,574",3.5%,"US$1,158.1 ",-7.6%,"US$8,170","US$13,426",,,,,,,,
221,J.C. Penney,"106,000",228,"US$12,547",-0.6%,US$1.0 ,-,"US$9,314","US$1,901",,,,,,,,
222,Farmers Insurance Exchange,"13,309",227,"US$12,513",-0.9%,-US$147.9 ,-,"US$16,057",-,,,,,,,,
223,Reynolds American,"5,525",266,"US$12,503",17.1%,"US$6,073.0 ",86.7%,"US$51,095","US$89,862",,,,,,,,
224,Viacom,"9,650",213,"US$12,488",-5.9%,"US$1,438.0 ",-25.2%,"US$22,508","US$18,503",,,,,,,,
225,Becton Dickinson,"50,928",278,"US$12,483",21.4%,US$976.0 ,40.4%,"US$25,586","US$39,041",,,,,,,,
226,Micron Technology,"31,400",173,"US$12,399",-23.4%,-US$276.0 ,-109.5%,"US$27,540","US$31,972",,,,,,,,
227,Principal Financial,"14,854",236,"US$12,394",3.6%,"US$1,316.5 ",6.7%,"US$228,014","US$18,143",,,,,,,,
228,Arconic,"41,500",126,"US$12,394",-45.0%,-US$941.0 ,-,"US$20,038","US$11,604",,,,,,,,
229,NRG Energy,"8,763",193,"US$12,351",-15.8%,-US$774.0 ,-,"US$30,355","US$5,911",,,,,,,,
230,VF,"69,000",231,"US$12,207",-1.4%,"US$1,074.1 ",-12.8%,"US$9,739","US$22,786",,,,,,,,
231,Devon Energy,"3,545",216,"US$12,197",-7.2%,"-US$3,302.0 ",-,"US$25,913","US$21,886",,,,,,,,
232,D.R. Horton,"6,976",260,"US$12,157",12.3%,US$886.3 ,18.1%,"US$11,559","US$12,438",,,,,,,,
233,Bed Bath & Beyond,"62,000",238,"US$12,104",1.9%,US$841.5 ,-12.1%,"US$6,499","US$5,931",,,,,,,,
234,Consolidated Edison,"14,960",229,"US$12,075",-3.8%,"US$1,245.0 ",4.4%,"US$48,255","US$23,708",,,,,,,,
235,Edison International,"12,390",246,"US$11,869",3.0%,"US$1,311.0 ",28.5%,"US$51,319","US$25,938",,,,,,,,
236,Sherwin-Williams,"42,550",253,"US$11,856",4.6%,"US$1,132.7 ",7.5%,"US$6,753","US$28,891",,,,,,,,
237,NGL Energy Partners,"3,200",167,"US$11,742",-30.1%,-US$198.9 ,-633.2%,"US$5,560","US$2,686",,,,,,,,
238,Dominion Resources,"16,200",243,"US$11,737",0.5%,"US$2,123.0 ",11.8%,"US$71,610","US$48,732",,,,,,,,
239,Ameriprise Financial,"13,195",232,"US$11,735",-3.8%,"US$1,314.0 ",-15.9%,"US$139,821","US$19,953",,,,,,,,
240,ADP,"57,000",248,"US$11,668",1.7%,"US$1,492.5 ",2.8%,"US$43,670","US$45,963",,,,,,,,
241,Hilton Worldwide Holdings,"169,000",254,"US$11,663",3.5%,US$348.0 ,-75.2%,"US$26,211","US$19,276",,,,,,,,
242,First Data,"24,000",249,"US$11,584",1.2%,US$420.0 ,-,"US$40,292","US$14,224",,,,,,,,
243,Henry Schein,"21,000",268,"US$11,572",8.9%,US$506.8 ,5.8%,"US$6,730","US$13,461",,,,,,,,
244,Toys “R” Us,"64,000",240,"US$11,540",-2.2%,-US$36.0 ,-,"US$6,908",-,,,,,,,,
245,BB&T Corp.,"37,500",273,"US$11,538",11.5%,"US$2,426.0 ",16.4%,"US$219,276","US$36,141",,,,,,,,
246,Reinsurance Group of America,"2,371",271,"US$11,522",10.6%,US$701.4 ,39.7%,"US$53,098","US$8,169",,,,,,,,
247,Core-Mark Holding,"7,688",317,"US$11,507",29.9%,US$54.2 ,5.2%,"US$1,497","US$1,445",,,,,,,,
248,Biogen,"7,400",263,"US$11,449",6.4%,"US$3,702.8 ",4.4%,"US$22,877","US$59,046",,,,,,,,
249,Las Vegas Sands,"49,000",241,"US$11,410",-2.4%,"US$1,670.0 ",-15.1%,"US$20,469","US$45,313",,,,,,,,
250,Stanley Black & Decker,"54,023",256,"US$11,407",1.7%,US$965.3 ,9.2%,"US$15,635","US$20,280",,,,,,,,
251,Parker-Hannifin,"48,950",224,"US$11,361",-10.6%,US$806.8 ,-20.3%,"US$12,057","US$21,370",,,,,,,,
252,Stryker,"33,000",287,"US$11,325",13.9%,"US$1,647.0 ",14.5%,"US$20,435","US$49,115",,,,,,,,
253,Estee Lauder,"46,000",261,"US$11,262",4.5%,"US$1,114.6 ",2.4%,"US$9,223","US$31,068",,,,,,,,
254,Celgene,"7,132",305,"US$11,229",21.3%,"US$1,999.2 ",24.8%,"US$28,086","US$96,802",,,,,,,,
255,BlackRock,"13,000",250,"US$11,155",-2.2%,"US$3,172.0 ",-5.2%,"US$220,177","US$62,225",,,,,,,,
256,Xcel Energy,"11,476",257,"US$11,107",0.7%,"US$1,123.4 ",14.1%,"US$41,155","US$22,546",,,,,,,,
257,CSX,"26,628",239,"US$11,069",-6.3%,"US$1,714.0 ",-12.9%,"US$35,414","US$43,126",,,,,,,,
258,Unum Group,"9,400",265,"US$11,047",2.9%,US$931.4 ,7.4%,"US$61,942","US$10,749",,,,,,,,
259,Jacobs Engineering Group,"49,350",235,"US$10,964",-9.5%,US$210.5 ,-30.5%,"US$7,360","US$6,693",,,,,,,,
260,Lennar,"8,335",301,"US$10,950",15.6%,US$911.8 ,13.6%,"US$15,362","US$12,002",,,,,,,,
261,Group 1 Automotive,"13,500",267,"US$10,888",2.4%,US$147.1 ,56.5%,"US$4,462","US$1,584",,,,,,,,
262,Leucadia National,"13,000",242,"US$10,875",-6.9%,US$130.0 ,-54.2%,"US$45,071","US$9,355",,,,,,,,
263,Entergy,"13,513",247,"US$10,846",-5.8%,-US$583.6 ,-,"US$45,904","US$13,685",,,,,,,,
264,PayPal Holdings,"18,100",307,"US$10,842",17.2%,"US$1,401.0 ",14.1%,"US$33,103","US$51,650",,,,,,,,
265,Applied Materials,"16,150",295,"US$10,825",12.1%,"US$1,721.0 ",25.0%,"US$14,588","US$42,005",,,,,,,,
266,Voya Financial,"6,700",252,"US$10,782",-4.9%,-US$428.0 ,-204.8%,"US$214,235","US$7,191",,,,,,,,
267,MasterCard,"11,900",294,"US$10,776",11.5%,"US$4,059.0 ",6.6%,"US$18,675","US$121,234",,,,,,,,
268,Priceline Group,"18,500",308,"US$10,743",16.5%,"US$2,135.0 ",-16.3%,"US$19,839","US$87,522",,,,,,,,
269,Liberty Interactive,"21,080",284,"US$10,647",6.6%,"US$1,235.0 ",42.1%,"US$20,355","US$9,101",,,,,,,,
270,AutoZone,"66,780",280,"US$10,636",4.4%,"US$1,241.0 ",7.0%,"US$8,600","US$20,540",,,,,,,,
271,State Street Corp.,"33,783",264,"US$10,635",-1.2%,"US$2,143.0 ",8.2%,"US$242,698","US$30,406",,,,,,,,
272,DTE Energy,"10,000",274,"US$10,630",2.8%,US$868.0 ,19.4%,"US$32,041","US$18,317",,,,,,,,
273,L-3 Communications,"38,000",245,"US$10,597",-8.3%,US$710.0 ,-,"US$11,865","US$12,859",,,,,,,,
274,HollyFrontier,"2,676",214,"US$10,536",-20.4%,-US$260.5 ,-135.2%,"US$9,436","US$5,048",,,,,,,,
275,Praxair,"26,498",262,"US$10,534",-2.2%,"US$1,500.0 ",-3.0%,"US$19,332","US$33,834",,,,,,,,
276,Universal Health Services,"70,863",290,"US$10,508",7.4%,US$702.4 ,3.2%,"US$10,318","US$12,022",,,,,,,,
277,Discover Financial Services,"15,549",283,"US$10,497",4.9%,"US$2,393.0 ",4.2%,"US$92,308","US$26,255",,,,,,,,
278,Occidental Petroleum,"11,000",225,"US$10,398",-18.1%,-US$574.0 ,-,"US$43,109","US$48,444",,,,,,,,
279,United States Steel,"29,800",244,"US$10,261",-11.3%,-US$440.0 ,-,"US$9,160","US$5,893",,,,,,,,
280,Sempra Energy,"16,575",279,"US$10,183",-0.5%,"US$1,370.0 ",1.6%,"US$47,786","US$27,692",,,,,,,,
281,Baxter International,"48,000",286,"US$10,163",2.0%,"US$4,965.0 ",412.9%,"US$15,546","US$28,106",,,,,,,,
282,W.W. Grainger,"25,000",285,"US$10,137",1.6%,US$605.9 ,-21.2%,"US$5,694","US$13,668",,,,,,,,
283,Autoliv,"65,900",310,"US$10,074",9.9%,US$567.1 ,24.1%,"US$8,234","US$9,032",,,,,,,,
284,Norfolk Southern,"27,856",270,"US$9,888",-5.9%,"US$1,668.0 ",7.2%,"US$34,892","US$32,515",,,,,,,,
285,Baker Hughes,"33,000",178,"US$9,841",-37.5%,"-US$2,738.0 ",-,"US$19,034","US$25,444",,,,,,,,
286,Ally Financial,"7,600",298,"US$9,835",3.1%,"US$1,067.0 ",-17.2%,"US$163,728","US$9,437",,,,,,,,
287,Sonic Automotive,"9,800",297,"US$9,732",1.1%,US$93.2 ,8.0%,"US$3,639",US$900,,,,,,,,
288,Owens & Minor,"7,900",291,"US$9,723",-0.5%,US$108.8 ,5.2%,"US$2,718","US$2,114",,,,,,,,
289,Huntsman,"15,000",277,"US$9,657",-6.2%,US$326.0 ,250.5%,"US$9,189","US$5,880",,,,,,,,
290,Laboratory Corp. of America,"52,000",325,"US$9,642",11.1%,US$732.1 ,67.6%,"US$14,247","US$14,696",,,,,,,,
291,Murphy USA,"6,600",258,"US$9,633",-11.5%,US$221.5 ,25.6%,"US$2,089","US$2,706",,,,,,,,
292,Advance Auto Parts,"57,500",293,"US$9,568",-1.7%,US$459.6 ,-2.9%,"US$8,315","US$10,944",,,,,,,,
293,Fidelity National Financial,"55,219",311,"US$9,554",4.6%,US$650.0 ,23.3%,"US$14,463","US$10,600",,,,,,,,
294,Air Products & Chemicals,"18,450",288,"US$9,524",-3.7%,US$631.1 ,-50.6%,"US$18,055","US$29,438",,,,,,,,
295,Hormel Foods,"21,100",304,"US$9,523",2.8%,US$890.1 ,29.7%,"US$6,370","US$18,316",,,,,,,,
296,Hertz Global Holdings,"36,000",269,"US$9,480",-10.0%,-US$491.0 ,-279.9%,"US$19,155","US$1,456",,,,,,,,
297,MGM Resorts International,"66,500",309,"US$9,455",2.9%,"US$1,101.4 ",-,"US$28,173","US$15,733",,,,,,,,
298,Corning,"40,700",313,"US$9,390",3.1%,"US$3,695.0 ",176.0%,"US$27,899","US$25,030",,,,,,,,
299,Republic Services,"33,000",312,"US$9,388",3.0%,US$612.6 ,-18.3%,"US$20,630","US$21,312",,,,,,,,
300,Alcoa,"14,000",,"US$9,318",-,-US$400.0 ,-,"US$16,741","US$6,337",,,,,,,,
301,Fidelity National Information Services,"55,000",392,"US$9,241",40.1%,US$568.0 ,-10.1%,"US$26,031","US$26,178",,,,,,,,
302,Pacific Life,"3,628",326,"US$9,169",6.1%,US$824.0 ,24.7%,"US$143,298",-,,,,,,,,
303,SunTrust Banks,"24,375",329,"US$9,161",7.4%,"US$1,878.0 ",-2.8%,"US$204,875","US$27,175",,,,,,,,
304,LKQ,"42,500",369,"US$9,082",26.3%,US$464.0 ,9.6%,"US$8,303","US$9,021",,,,,,,,
305,BorgWarner,"27,000",339,"US$9,071",13.1%,US$118.5 ,-80.6%,"US$8,835","US$8,895",,,,,,,,
306,Ball,"18,450",341,"US$9,061",13.3%,US$263.0 ,-6.4%,"US$16,173","US$13,000",,,,,,,,
307,CST Brands,"12,380",299,"US$9,061",-4.6%,US$324.0 ,117.4%,"US$4,360","US$3,645",,,,,,,,
308,Public Service Enterprise Group,"13,065",272,"US$9,061",-13.0%,US$887.0 ,-47.2%,"US$40,070","US$22,451",,,,,,,,
309,Eastman Chemical,"14,000",296,"US$9,008",-6.6%,US$854.0 ,0.7%,"US$15,457","US$11,783",,,,,,,,
310,eBay,"12,600",300,"US$8,979",-5.4%,"US$7,266.0 ",321.2%,"US$23,847","US$36,232",,,,,,,,
311,Mohawk Industries,"37,800",338,"US$8,959",11.0%,US$930.4 ,51.2%,"US$10,231","US$17,025",,,,,,,,
312,Oneok,"2,384",348,"US$8,921",14.9%,US$352.0 ,43.7%,"US$16,139","US$11,684",,,,,,,,
313,Frontier Communications,"28,332",461,"US$8,896",59.5%,-US$373.0 ,-,"US$29,013","US$2,521",,,,,,,,
314,Netflix,"3,850",379,"US$8,831",30.3%,US$186.7 ,52.2%,"US$13,587","US$63,619",,,,,,,,
315,American Family Insurance Group,"10,471",332,"US$8,829",6.6%,US$325.6 ,-53.1%,"US$22,662",-,,,,,,,,
316,Thrivent Financial for Lutherans,"3,282",318,"US$8,777",-0.1%,US$587.8 ,-23.6%,"US$88,561",-,,,,,,,,
317,Expedia,"20,075",385,"US$8,774",31.5%,US$281.8 ,-63.1%,"US$15,778","US$18,901",,,,,,,,
318,Lithia Motors,"11,170",346,"US$8,678",10.3%,US$197.1 ,7.7%,"US$3,844","US$2,156",,,,,,,,
319,Avis Budget Group,"25,600",330,"US$8,659",1.8%,US$163.0 ,-47.9%,"US$17,643","US$2,528",,,,,,,,
320,Reliance Steel & Aluminum,"14,500",303,"US$8,613",-7.9%,US$304.3 ,-2.3%,"US$7,411","US$5,830",,,,,,,,
321,GameStop,"41,750",302,"US$8,608",-8.1%,US$353.2 ,-12.3%,"US$4,976","US$2,282",,,,,,,,
322,Tenneco,"31,000",334,"US$8,599",4.8%,US$363.0 ,47.0%,"US$4,342","US$3,390",,,,,,,,
323,O’Reilly Automotive,"58,397",342,"US$8,593",7.9%,"US$1,037.7 ",11.4%,"US$7,204","US$24,730",,,,,,,,
324,Peter Kiewit Sons’,"20,000",314,"US$8,573",-4.7%,US$396.0 ,57.8%,"US$6,179",-,,,,,,,,
325,United Natural Foods,"9,554",335,"US$8,470",3.5%,US$125.8 ,-9.3%,"US$2,852","US$2,187",,,,,,,,
326,salesforce.com,"25,000",386,"US$8,392",25.9%,US$179.6 ,-,"US$17,585","US$58,362",,,,,,,,
327,Boston Scientific,"27,000",359,"US$8,386",12.2%,US$347.0 ,-,"US$18,096","US$34,046",,,,,,,,
328,Newmont Mining,"12,438",349,"US$8,379",8.4%,-US$627.0 ,-385.0%,"US$21,031","US$17,518",,,,,,,,
329,Genworth Financial,"3,400",306,"US$8,369",-9.5%,-US$277.0 ,-,"US$104,658","US$2,056",,,,,,,,
330,Live Nation Entertainment,"11,500",366,"US$8,355",15.3%,US$2.9 ,-,"US$6,764","US$6,219",,,,,,,,
331,Veritiv,"8,700",323,"US$8,327",-4.5%,US$21.0 ,-21.3%,"US$2,484",US$813,,,,,,,,
332,News Corp.,"24,000",327,"US$8,319",-3.6%,US$179.0 ,-,"US$15,483","US$7,559",,,,,,,,
333,Crown Holdings,"23,992",321,"US$8,284",-5.5%,US$496.0 ,26.2%,"US$9,599","US$7,367",,,,,,,,
334,Global Partners,"1,770",276,"US$8,240",-20.1%,-US$199.4 ,-557.8%,"US$2,564",US$663,,,,,,,,
335,PVH,"26,650",340,"US$8,203",2.3%,US$549.0 ,-4.1%,"US$11,068","US$8,092",,,,,,,,
336,Level 3 Communications,"12,600",333,"US$8,172",-0.7%,US$677.0 ,-80.3%,"US$24,888","US$20,638",,,,,,,,
337,Navistar International,"11,300",281,"US$8,111",-20.0%,-US$97.0 ,-,"US$5,653","US$2,416",,,,,,,,
338,Univar,"8,700",315,"US$8,074",-10.1%,-US$68.4 ,-514.5%,"US$5,390","US$4,293",,,,,,,,
339,Campbell Soup,"16,500",337,"US$7,961",-1.5%,US$563.0 ,-18.5%,"US$7,837","US$17,423",,,,,,,,
340,Dick’s Sporting Goods,"27,550",365,"US$7,922",9.0%,US$287.4 ,-13.0%,"US$4,058","US$5,489",,,,,,,,
341,Weyerhaeuser,"10,400",373,"US$7,902",11.6%,"US$1,027.0 ",103.0%,"US$19,243","US$25,451",,,,,,,,
342,Mutual of Omaha Insurance,"5,732",367,"US$7,899",9.2%,US$356.6 ,7.1%,"US$38,465",-,,,,,,,,
343,Chesapeake Energy,"3,300",223,"US$7,872",-38.3%,"-US$4,401.0 ",-,"US$13,028","US$5,394",,,,,,,,
344,Anadarko Petroleum,"4,500",324,"US$7,869",-9.5%,"-US$3,071.0 ",-,"US$45,564","US$34,640",,,,,,,,
345,Interpublic Group,"49,800",355,"US$7,847",3.1%,US$608.5 ,33.9%,"US$12,485","US$9,648",,,,,,,,
346,J.M. Smucker,"6,910",452,"US$7,811",37.2%,US$688.7 ,99.7%,"US$15,984","US$15,263",,,,,,,,
347,Steel Dynamics,"7,695",356,"US$7,777",2.4%,US$382.1 ,-,"US$6,424","US$8,425",,,,,,,,
348,Foot Locker,"32,965",361,"US$7,766",4.8%,US$664.0 ,22.7%,"US$3,840","US$9,818",,,,,,,,
349,Western Refining,"7,134",289,"US$7,743",-20.9%,US$124.9 ,-69.3%,"US$5,560","US$3,812",,,,,,,,
350,SpartanNash,"11,500",351,"US$7,735",1.1%,US$56.8 ,-9.4%,"US$1,930","US$1,313",,,,,,,,
351,Dean Foods,"17,000",336,"US$7,710",-5.1%,US$119.9 ,-,"US$2,606","US$1,786",,,,,,,,
352,Zimmer Biomet Holdings,"18,500",431,"US$7,684",28.1%,US$305.9 ,108.1%,"US$26,684","US$24,571",,,,,,,,
353,PulteGroup,"4,623",433,"US$7,669",28.2%,US$602.7 ,22.0%,"US$10,178","US$7,466",,,,,,,,
354,W.R. Berkley,"7,608",368,"US$7,654",6.2%,US$601.9 ,19.5%,"US$23,365","US$8,561",,,,,,,,
355,Quanta Services,"28,100",352,"US$7,651",0.2%,US$198.4 ,-36.2%,"US$5,354","US$5,386",,,,,,,,
356,EOG Resources,"2,650",322,"US$7,651",-12.6%,"-US$1,096.7 ",-,"US$29,459","US$56,302",,,,,,,,
357,Charles Schwab,"16,200",401,"US$7,644",17.6%,"US$1,889.0 ",30.5%,"US$223,383","US$54,555",,,,,,,,
358,Eversource Energy,"7,762",343,"US$7,639",-4.0%,US$942.3 ,7.3%,"US$32,053","US$18,627",,,,,,,,
359,Anixter International,"8,900",391,"US$7,625",15.6%,US$120.5 ,-5.6%,"US$4,094","US$2,626",,,,,,,,
360,EMCOR Group,"31,000",381,"US$7,552",12.3%,US$181.9 ,5.6%,"US$3,894","US$3,756",,,,,,,,
361,Assurant,"14,700",275,"US$7,532",-27.1%,US$565.4 ,299.4%,"US$29,709","US$5,298",,,,,,,,
362,CenterPoint Energy,"7,727",363,"US$7,528",1.9%,US$432.0 ,-,"US$21,829","US$11,882",,,,,,,,
363,Harris,"21,000",505,"US$7,527",48.1%,US$324.0 ,-3.0%,"US$11,996","US$13,849",,,,,,,,
364,HD Supply Holdings,"14,000",320,"US$7,524",-14.3%,US$196.0 ,-86.7%,"US$5,707","US$8,296",,,,,,,,
365,PPL,"12,689",350,"US$7,517",-2.0%,"US$1,902.0 ",178.9%,"US$38,315","US$25,448",,,,,,,,
366,Quest Diagnostics,"43,000",358,"US$7,515",0.3%,US$645.0 ,-9.0%,"US$10,100","US$13,501",,,,,,,,
367,Williams,"5,604",364,"US$7,499",1.9%,-US$424.0 ,-,"US$46,835","US$24,436",,,,,,,,
368,WEC Energy Group,"8,074",437,"US$7,472",26.1%,US$939.0 ,47.1%,"US$30,123","US$19,134",,,,,,,,
369,Hershey,"17,140",362,"US$7,440",0.7%,US$720.0 ,40.4%,"US$5,524","US$23,236",,,,,,,,
370,AGCO,"19,795",360,"US$7,411",-0.8%,US$160.1 ,-39.9%,"US$7,168","US$4,783",,,,,,,,
371,Ralph Lauren,"20,500",354,"US$7,405",-2.8%,US$396.0 ,-43.6%,"US$6,213","US$6,710",,,,,,,,
372,Masco,"26,000",345,"US$7,357",-6.9%,US$491.0 ,38.3%,"US$5,137","US$10,888",,,,,,,,
373,WESCO International,"9,000",357,"US$7,336",-2.4%,US$101.6 ,-51.8%,"US$4,491","US$3,389",,,,,,,,
374,LifePoint Health,"47,000",430,"US$7,274",20.9%,US$121.9 ,-33.0%,"US$6,319","US$2,616",,,,,,,,
375,National Oilwell Varco,"36,384",192,"US$7,251",-50.9%,"-US$2,412.0 ",-,"US$21,140","US$15,183",,,,,,,,
376,Kindred Healthcare,"76,650",372,"US$7,227",1.8%,-US$664.2 ,-,"US$6,113",US$711,,,,,,,,
377,Mosaic,"8,700",316,"US$7,163",-19.5%,US$297.8 ,-70.2%,"US$16,841","US$10,242",,,,,,,,
378,Alliance Data Systems,"17,000",404,"US$7,138",10.8%,US$515.8 ,-13.5%,"US$25,514","US$13,925",,,,,,,,
379,Computer Sciences,"59,000",233,"US$7,106",-41.7%,US$251.0 ,-,"US$7,736","US$9,746",,,,,,,,
380,Huntington Ingalls Industries,"37,000",378,"US$7,068",0.7%,US$573.0 ,41.8%,"US$6,352","US$9,265",,,,,,,,
381,Leidos Holdings,"32,000",504,"US$7,043",38.5%,US$244.0 ,-3.9%,"US$9,132","US$7,696",,,,,,,,
382,Erie Insurance Group,"4,988",411,"US$7,016",5.7%,US$741.9 ,10.7%,"US$18,417",-,,,,,,,,
383,Tesla,"30,025",588,"US$7,000",73.0%,-US$674.9 ,-,"US$22,664","US$45,390",,,,,,,,
384,Ascena Retail Group,"41,000",523,"US$6,995",45.6%,-US$11.9 ,-,"US$5,506",US$830,,,,,,,,
385,Darden Restaurants,"150,942",371,"US$6,934",-3.2%,US$375.0 ,-47.1%,"US$4,583","US$10,389",,,,,,,,
386,Harman International Industries,"26,000",419,"US$6,912",12.3%,US$361.7 ,5.6%,"US$6,054",-,,,,,,,,
387,Nvidia,"10,299",508,"US$6,910",37.9%,"US$1,666.0 ",171.3%,"US$9,841","US$64,160",,,,,,,,
388,R.R. Donnelley & Sons,"44,360",255,"US$6,896",-38.7%,-US$495.9 ,-428.2%,"US$4,285",US$846,,,,,,,,
389,Fifth Third Bancorp,"17,844",376,"US$6,889",-2.0%,"US$1,564.0 ",-8.6%,"US$142,177","US$19,066",,,,,,,,
390,Quintiles Transnational Holdings,"50,000",447,"US$6,878",19.9%,US$115.0 ,-70.3%,"US$21,208","US$18,999",,,,,,,,
391,Jones Lang LaSalle,"77,300",436,"US$6,804",14.0%,US$318.2 ,-27.5%,"US$7,629","US$5,043",,,,,,,,
392,Dover,"29,000",377,"US$6,794",-3.3%,US$508.9 ,-41.5%,"US$10,116","US$12,502",,,,,,,,
393,Spirit AeroSystems Holdings,"14,400",389,"US$6,793",2.2%,US$469.7 ,-40.4%,"US$5,405","US$6,900",,,,,,,,
394,Ryder System,"34,500",395,"US$6,787",3.3%,US$262.5 ,-13.9%,"US$10,903","US$3,992",,,,,,,,
395,A-Mark Precious Metals,"83,000",426,"US$6,784",11.8%,US$9.3 ,31.5%,US$437,US$120,,,,,,,,
396,Tractor Supply,"19,500",415,"US$6,780",8.9%,US$437.1 ,6.5%,"US$2,675","US$8,960",,,,,,,,
397,Sealed Air,"23,000",375,"US$6,778",-3.6%,US$486.4 ,45.0%,"US$7,389","US$8,432",,,,,,,,
398,Auto-Owners Insurance,"4,737",398,"US$6,775",4.0%,US$706.3 ,-13.4%,"US$21,571",-,,,,,,,,
399,Yum China Holdings,"420,000",,"US$6,752",-,US$502.0 ,-,"US$3,727","US$10,453",,,,,,,,
400,Calpine,"2,372",402,"US$6,716",3.8%,US$92.0 ,-60.9%,"US$19,317","US$3,989",,,,,,,,
401,Owens-Illinois,"27,000",418,"US$6,702",8.9%,US$209.0 ,54.8%,"US$9,135","US$3,316",,,,,,,,
402,Targa Resources,"1,970",387,"US$6,691",0.5%,-US$187.3 ,-421.3%,"US$12,871","US$11,743",,,,,,,,
403,JetBlue Airways,"15,986",405,"US$6,632",3.4%,US$759.0 ,12.1%,"US$9,487","US$6,875",,,,,,,,
404,Jones Financial,"43,000",382,"US$6,632",-0.9%,US$746.0 ,-11.0%,"US$19,424",-,,,,,,,,
405,Franklin Resources,"9,059",344,"US$6,618",-16.7%,"US$1,726.7 ",-15.2%,"US$16,099","US$23,823",,,,,,,,
406,Activision Blizzard,"9,500",532,"US$6,608",41.7%,US$966.0 ,8.3%,"US$17,452","US$37,487",,,,,,,,
407,J.B. Hunt Transport Services,"22,190",416,"US$6,556",5.9%,US$432.1 ,1.1%,"US$3,829","US$10,212",,,,,,,,
408,Constellation Brands,"9,000",429,"US$6,548",8.6%,"US$1,054.9 ",25.7%,"US$16,965","US$31,775",,,,,,,,
409,NCR,"33,500",409,"US$6,543",2.7%,US$270.0 ,-,"US$7,673","US$5,620",,,,,,,,
410,Asbury Automotive Group,"7,900",393,"US$6,528",-0.9%,US$167.2 ,-1.2%,"US$2,336","US$1,271",,,,,,,,
411,American Financial Group,"7,600",421,"US$6,498",5.7%,US$649.0 ,84.4%,"US$55,072","US$8,303",,,,,,,,
412,Discovery Communications,"7,000",406,"US$6,497",1.6%,"US$1,194.0 ",15.5%,"US$15,758","US$11,306",,,,,,,,
413,Berry Global Group,"21,000",518,"US$6,489",32.9%,US$236.0 ,174.4%,"US$7,653","US$6,256",,,,,,,,
414,Sanmina,"40,178",408,"US$6,481",1.7%,US$187.8 ,-50.2%,"US$3,625","US$3,016",,,,,,,,
415,CalAtlantic Group,"3,055",640,"US$6,477",83.0%,US$484.7 ,127.0%,"US$8,709","US$4,291",,,,,,,,
416,Dr Pepper Snapple Group,"20,000",413,"US$6,440",2.5%,US$847.0 ,10.9%,"US$9,791","US$17,997",,,,,,,,
417,Dillard’s,"30,800",380,"US$6,418",-5.0%,US$169.2 ,-37.2%,"US$3,888","US$1,645",,,,,,,,
418,HRG Group,"16,021",441,"US$6,403",10.1%,-US$198.8 ,-,"US$35,793","US$3,869",,,,,,,,
419,CMS Energy,"7,750",403,"US$6,399",-0.9%,US$551.0 ,5.4%,"US$21,622","US$12,528",,,,,,,,
420,Graybar Electric,"8,500",423,"US$6,385",4.5%,US$93.1 ,2.2%,"US$2,099",-,,,,,,,,
421,Builders FirstSource,"14,000",637,"US$6,367",78.6%,US$144.3 ,-,"US$2,910","US$1,669",,,,,,,,
422,Yum Brands,"90,000",218,"US$6,366",-51.4%,"US$1,619.0 ",25.2%,"US$5,478","US$22,611",,,,,,,,
423,Casey’s General Stores,"24,724",374,"US$6,304",-10.6%,US$226.0 ,25.1%,"US$2,726","US$4,400",,,,,,,,
424,Amphenol,"62,000",462,"US$6,286",12.9%,US$822.9 ,7.8%,"US$8,499","US$21,897",,,,,,,,
425,Oshkosh,"13,800",424,"US$6,279",3.0%,US$216.4 ,-5.7%,"US$4,514","US$5,118",,,,,,,,
426,iHeartMedia,"18,700",414,"US$6,274",0.5%,-US$296.3 ,-,"US$12,862",US$330,,,,,,,,
427,TreeHouse Foods,"16,027",686,"US$6,175",92.6%,-US$228.6 ,-298.9%,"US$6,546","US$4,813",,,,,,,,
428,Alleghany,"3,420",509,"US$6,131",22.6%,US$456.9 ,-18.5%,"US$23,757","US$9,476",,,,,,,,
429,Expeditors International of Washington,"16,000",390,"US$6,098",-7.8%,US$430.8 ,-5.8%,"US$2,791","US$10,208",,,,,,,,
430,Avery Dennison,"25,000",435,"US$6,087",2.0%,US$320.7 ,16.9%,"US$4,396","US$7,157",,,,,,,,
431,Ameren,"8,629",425,"US$6,076",-0.4%,US$653.0 ,3.7%,"US$24,699","US$13,245",,,,,,,,
432,Hanesbrands,"67,800",448,"US$6,063",5.8%,US$539.4 ,25.8%,"US$6,908","US$7,733",,,,,,,,
433,Motorola Solutions,"14,000",451,"US$6,038",6.0%,US$560.0 ,-8.2%,"US$8,463","US$14,131",,,,,,,,
434,St. Jude Medical,"18,000",465,"US$6,004",8.4%,US$734.0 ,-16.6%,"US$12,578",-,,,,,,,,
435,Harley-Davidson,"6,000",432,"US$5,997",-,US$692.2 ,-8.0%,"US$9,890","US$10,626",,,,,,,,
436,Regions Financial,"22,166",453,"US$5,967",5.2%,"US$1,163.0 ",9.5%,"US$125,968","US$17,512",,,,,,,,
437,Intercontinental Exchange,"5,631",529,"US$5,958",27.3%,"US$1,422.0 ",11.6%,"US$82,003","US$35,530",,,,,,,,
438,Alaska Air Group,"19,112",459,"US$5,931",5.9%,US$814.0 ,-4.0%,"US$9,962","US$11,407",,,,,,,,
439,Old Republic International,"8,500",442,"US$5,901",2.3%,US$466.9 ,10.6%,"US$18,592","US$5,382",,,,,,,,
440,Lam Research,"7,500",491,"US$5,886",11.9%,US$914.0 ,39.4%,"US$12,272","US$20,903",,,,,,,,
441,AK Steel Holding,"8,500",383,"US$5,883",-12.1%,-US$7.8 ,-,"US$4,036","US$2,263",,,,,,,,
442,Rockwell Automation,"22,000",412,"US$5,880",-6.8%,US$729.7 ,-11.8%,"US$7,101","US$20,024",,,,,,,,
443,Adobe Systems,"15,706",524,"US$5,854",22.1%,"US$1,168.8 ",85.7%,"US$12,707","US$64,375",,,,,,,,
444,Avon Products,"26,400",370,"US$5,853",-18.4%,-US$107.6 ,-,"US$3,419","US$1,933",,,,,,,,
445,Terex,"18,100",396,"US$5,841",-10.7%,-US$176.1 ,-220.7%,"US$5,007","US$3,250",,,,,,,,
446,NVR,"4,900",498,"US$5,835",12.9%,US$425.3 ,11.1%,"US$2,644","US$7,851",,,,,,,,
447,Dana Holding,"24,900",428,"US$5,826",-3.9%,US$640.0 ,302.5%,"US$4,860","US$2,783",,,,,,,,
448,Realogy Holdings,"11,800",449,"US$5,810",1.8%,US$213.0 ,15.8%,"US$7,421","US$4,173",,,,,,,,
449,American Tower,"4,507",526,"US$5,786",21.3%,US$956.4 ,39.6%,"US$30,879","US$51,921",,,,,,,,
450,Packaging Corp. of America,"14,000",446,"US$5,779",0.6%,US$449.6 ,2.9%,"US$5,777","US$8,631",,,,,,,,
451,Citizens Financial Group,"17,600",486,"US$5,763",9.2%,"US$1,045.0 ",24.4%,"US$149,520","US$17,597",,,,,,,,
452,United Rentals,"12,500",440,"US$5,762",-0.9%,US$566.0 ,-3.2%,"US$11,988","US$10,561",,,,,,,,
453,Clorox,"8,000",455,"US$5,761",1.7%,US$648.0 ,11.7%,"US$4,518","US$17,294",,,,,,,,
454,Genesis Healthcare,"82,000",457,"US$5,733",2.0%,-US$64.0 ,-,"US$5,779",US$408,,,,,,,,
455,M&T Bank Corp.,"16,487",510,"US$5,722",14.5%,"US$1,315.1 ",21.8%,"US$123,449","US$23,792",,,,,,,,
456,Ingredion,"11,000",456,"US$5,704",1.5%,US$484.9 ,20.6%,"US$5,782","US$8,646",,,,,,,,
457,UGI,"13,105",384,"US$5,686",-15.0%,US$364.7 ,29.8%,"US$10,847","US$8,543",,,,,,,,
458,Owens Corning,"16,000",480,"US$5,677",6.1%,US$393.0 ,19.1%,"US$7,741","US$6,910",,,,,,,,
459,S&P Global,"20,000",481,"US$5,661",6.6%,"US$2,106.0 ",82.2%,"US$8,669","US$33,805",,,,,,,,
460,Markel,"10,900",476,"US$5,612",4.5%,US$455.7 ,-21.8%,"US$25,875","US$13,623",,,,,,,,
461,Wyndham Worldwide,"37,800",466,"US$5,599",1.1%,US$611.0 ,-0.2%,"US$9,819","US$8,829",,,,,,,,
462,Arthur J. Gallagher,"24,790",471,"US$5,595",3.8%,US$414.4 ,16.1%,"US$11,490","US$10,148",,,,,,,,
463,Burlington Stores,"40,000",500,"US$5,591",9.0%,US$215.9 ,43.5%,"US$2,575","US$6,836",,,,,,,,
464,First American Financial,"19,531",497,"US$5,576",7.7%,US$343.0 ,19.1%,"US$8,832","US$4,332",,,,,,,,
465,Symantec,"11,000",400,"US$5,568",-14.4%,"US$2,488.0 ",183.4%,"US$11,767","US$18,986",,,,,,,,
466,Patterson,"7,000",559,"US$5,555",27.0%,US$187.2 ,-16.2%,"US$3,521","US$4,393",,,,,,,,
467,Olin,"6,400",761,"US$5,551",94.5%,-US$3.9 ,-,"US$8,763","US$5,444",,,,,,,,
468,NetApp,"12,030",422,"US$5,546",-9.4%,US$229.0 ,-59.1%,"US$10,037","US$11,339",,,,,,,,
469,Raymond James Financial,"11,900",482,"US$5,520",4.0%,US$529.4 ,5.4%,"US$31,594","US$10,958",,,,,,,,
470,TravelCenters of America,"20,259",439,"US$5,511",-5.8%,-US$2.0 ,-107.3%,"US$1,660",US$241,,,,,,,,
471,Fiserv,"23,000",492,"US$5,505",4.8%,US$930.0 ,30.6%,"US$9,743","US$24,741",,,,,,,,
472,Host Hotels & Resorts,"220,000",472,"US$5,488",1.9%,US$762.0 ,36.6%,"US$11,408","US$13,794",,,,,,,,
473,Insight Enterprises,"5,930",474,"US$5,486",2.1%,US$84.7 ,11.7%,"US$2,219","US$1,458",,,,,,,,
474,Mattel,"32,000",450,"US$5,457",-4.3%,US$318.0 ,-13.9%,"US$6,494","US$8,770",,,,,,,,
475,AmTrust Financial Services,"8,000",531,"US$5,451",18.1%,US$411.0 ,-8.8%,"US$22,615","US$3,158",,,,,,,,
476,Cincinnati Financial,"4,754",499,"US$5,449",6.0%,US$590.7 ,-6.8%,"US$20,386","US$11,911",,,,,,,,
477,Simon Property Group,"4,050",488,"US$5,435",3.2%,"US$1,838.9 ",0.6%,"US$31,104","US$53,732",,,,,,,,
478,Western Union,"10,700",468,"US$5,423",-1.1%,US$253.2 ,-69.8%,"US$9,420","US$9,691",,,,,,,,
479,KeyCorp,"15,700",540,"US$5,422",19.4%,US$791.0 ,-13.6%,"US$136,453","US$19,238",,,,,,,,
480,Delek US Holdings,"1,326",445,"US$5,414",-6.0%,-US$153.7 ,-892.3%,"US$2,985","US$1,504",,,,,,,,
481,Booz Allen Hamilton Holding,"22,600",487,"US$5,406",2.5%,US$294.1 ,26.5%,"US$3,010","US$5,307",,,,,,,,
482,Chemours,"7,000",,"US$5,400",-,US$7.0 ,-,"US$6,060","US$7,080",,,,,,,,
483,Western & Southern Financial Group,"2,178",479,"US$5,398",0.8%,US$241.2 ,-47.2%,"US$43,831",-,,,,,,,,
484,Celanese,"7,293",453,"US$5,389",-5.0%,US$900.0 ,196.1%,"US$8,357","US$12,643",,,,,,,,
485,Windstream Holdings,"11,870",443,"US$5,387",-6.6%,-US$383.5 ,-,"US$11,770","US$1,038",,,,,,,,
486,Seaboard,"11,781",460,"US$5,379",-3.8%,US$312.0 ,82.5%,"US$4,755","US$4,881",,,,,,,,
487,Essendant,"6,600",477,"US$5,369",0.1%,US$63.9 ,-,"US$2,164",US$568,,,,,,,,
488,Apache,"3,727",388,"US$5,354",-19.5%,"-US$1,405.0 ",-,"US$22,519","US$19,547",,,,,,,,
489,Airgas,"17,000",484,"US$5,314",0.2%,US$337.5 ,-8.3%,"US$6,135",-,,,,,,,,
490,Kelly Services,"7,500",467,"US$5,277",-4.4%,US$120.8 ,124.5%,"US$2,028",US$836,,,,,,,,
491,Liberty Media,"3,626",525,"US$5,276",10.0%,US$680.0 ,962.5%,"US$31,377","US$13,055",,,,,,,,
492,Rockwell Collins,"19,000",490,"US$5,259",-0.1%,US$728.0 ,6.1%,"US$7,707","US$12,711",,,,,,,,
493,Robert Half International,"16,400",503,"US$5,250",3.1%,US$343.4 ,-4.0%,"US$1,778","US$6,240",,,,,,,,
494,CH2M Hill,"20,000",478,"US$5,236",-2.3%,US$15.0 ,-81.3%,"US$2,671",-,,,,,,,,
495,Big Lots,"23,150",495,"US$5,200",0.2%,US$152.8 ,7.0%,"US$1,608","US$2,180",,,,,,,,
496,Michaels Cos.,"31,000",517,"US$5,197",5.8%,US$378.2 ,4.2%,"US$2,148","US$4,229",,,,,,,,
497,Toll Brothers,"4,200",576,"US$5,170",23.9%,US$382.1 ,5.2%,"US$9,737","US$5,872",,,,,,,,
498,Yahoo,"8,500",513,"US$5,169",4.0%,-US$214.3 ,-,"US$48,083","US$44,391",,,,,,,,
499,Vistra Energy,"4,431",,"US$5,164",-,-,-,"US$15,167","US$6,968",,,,,,,,
500,ABM Industries,"110,000",485,"US$5,145",-2.8%,US$57.2 ,-25.0%,"US$2,281","US$2,428",,,,,,,,
,,,,,,,,,,,,,,,,,